{"cameraMode":{"drawMode":0,"name":"Shaded","section":"Shading Mode"},"sceneLighting":false,"audioPlay":false,"sceneViewState":{"showFog":false,"showMaterialUpdate":false,"showSkybox":false,"showFlares":false,"showImageEffects":false,"showParticleSystems":false},"in2DMode":false,"pivot":{"x":2.1376967430114748,"y":0.35735079646110537,"z":-0.18603681027889253},"rotation":{"x":0.008690154179930687,"y":0.003597150556743145,"z":0.000031377392588183284,"w":-0.9999568462371826},"size":4.868805408477783,"orthographic":false}