{"cameraMode":{"drawMode":0,"name":"Shaded","section":"Shading Mode"},"sceneLighting":false,"audioPlay":false,"sceneViewState":{"showFog":false,"showMaterialUpdate":false,"showSkybox":false,"showFlares":false,"showImageEffects":false,"showParticleSystems":false},"in2DMode":false,"pivot":{"x":2.734473705291748,"y":0.7355142831802368,"z":-2.89548397064209},"rotation":{"x":0.03654462844133377,"y":-0.18421462178230287,"z":-0.006854073144495487,"w":-0.9821833968162537},"size":3.003141403198242,"orthographic":false}