{"cameraMode":{"drawMode":0,"name":"Shaded","section":"Shading Mode"},"sceneLighting":false,"audioPlay":false,"sceneViewState":{"showFog":false,"showMaterialUpdate":false,"showSkybox":false,"showFlares":false,"showImageEffects":false,"showParticleSystems":false},"in2DMode":false,"pivot":{"x":10.969718933105469,"y":6.560525894165039,"z":-5.142443656921387},"rotation":{"x":0.10417674481868744,"y":0.07808627933263779,"z":0.008205718360841275,"w":-0.991456925868988},"size":8.004916191101075,"orthographic":false}